{
  "ewc_plus_replay": {
    "experiment": "ewc_plus_replay",
    "per_task_f1": {
      "T1_LLMail": 0.9091488683455531,
      "T2_HackAPrompt": 0.7317654063709438,
      "T3_BIPIA": 0.8816176470588235
    },
    "avg_f1": 0.8408439739251068,
    "cl_metrics": {
      "BWT": -0.0584,
      "AvgAcc": 0.8408
    },
    "results_matrix": [
      [
        0.9949511948838775,
        0.0,
        0.0
      ],
      [
        0.9470338983050848,
        0.7628614916286149,
        0.0
      ],
      [
        0.9091488683455531,
        0.7317654063709438,
        0.8816176470588235
      ]
    ]
  }
}