{
  "replay_ratio_5pct": {
    "experiment": "replay_ratio_5pct",
    "per_task_f1": {
      "T1_LLMail": 0.8470137336314276,
      "T2_HackAPrompt": 0.7082458770614692,
      "T3_BIPIA": 0.8792912513842747
    },
    "avg_f1": 0.8115169540257239,
    "cl_metrics": {
      "BWT": -0.0706,
      "AvgAcc": 0.8115
    },
    "results_matrix": [
      [
        0.9932705248990579,
        0.0,
        0.0
      ],
      [
        0.8594044477949491,
        0.7031719532554257,
        0.0
      ],
      [
        0.8470137336314276,
        0.7082458770614692,
        0.8792912513842747
      ]
    ]
  }
}