{
  "static_joint": {
    "experiment": "static_joint",
    "per_task_f1": {
      "T1_LLMail": 0.9898785425101214,
      "T2_HackAPrompt": 0.7938306578533207,
      "T3_BIPIA": 0.8828696925329429
    },
    "avg_f1": 0.8888596309654617,
    "cl_metrics": {
      "BWT": 0.8919,
      "AvgAcc": 0.8889
    },
    "results_matrix": [
      [
        0.0,
        0.0,
        0.0
      ],
      [
        0.0,
        0.0,
        0.0
      ],
      [
        0.9898785425101214,
        0.7938306578533207,
        0.8828696925329429
      ]
    ]
  },
  "naive_sequential": {
    "experiment": "naive_sequential",
    "per_task_f1": {
      "T1_LLMail": 0.29984051036682613,
      "T2_HackAPrompt": 0.5436820397450318,
      "T3_BIPIA": 0.8853783982365907
    },
    "avg_f1": 0.5763003161161495,
    "cl_metrics": {
      "BWT": -0.4438,
      "AvgAcc": 0.5763
    },
    "results_matrix": [
      [
        0.9932659932659933,
        0.0,
        0.0
      ],
      [
        0.22753792298716452,
        0.7378578321003538,
        0.0
      ],
      [
        0.29984051036682613,
        0.5436820397450318,
        0.8853783982365907
      ]
    ]
  },
  "ewc_only": {
    "experiment": "ewc_only",
    "per_task_f1": {
      "T1_LLMail": 0.359389038634322,
      "T2_HackAPrompt": 0.702147525676937,
      "T3_BIPIA": 0.884728340675477
    },
    "avg_f1": 0.648754968328912,
    "cl_metrics": {
      "BWT": -0.3468,
      "AvgAcc": 0.6488
    },
    "results_matrix": [
      [
        0.994285714285714,
        0,
        0
      ],
      [
        0.409515717926933,
        0.760796324655437,
        0
      ],
      [
        0.359389038634322,
        0.702147525676937,
        0.884728340675477
      ]
    ]
  },
  "replay_only": {
    "experiment": "replay_only",
    "per_task_f1": {
      "T1_LLMail": 0.9635135135135136,
      "T2_HackAPrompt": 0.7365456821026283,
      "T3_BIPIA": 0.8797653958944281
    },
    "avg_f1": 0.8599415305035234,
    "cl_metrics": {
      "BWT": -0.0238,
      "AvgAcc": 0.8599
    },
    "results_matrix": [
      [
        0.9929269114179858,
        0.0,
        0.0
      ],
      [
        0.9194484760522497,
        0.7546456692913386,
        0.0
      ],
      [
        0.9635135135135136,
        0.7365456821026283,
        0.8797653958944281
      ]
    ]
  },
  "ewc_plus_replay": {
    "experiment": "ewc_plus_replay",
    "per_task_f1": {
      "T1_LLMail": 0.9091488683455531,
      "T2_HackAPrompt": 0.7317654063709438,
      "T3_BIPIA": 0.8816176470588235
    },
    "avg_f1": 0.8408439739251068,
    "cl_metrics": {
      "BWT": -0.0584,
      "AvgAcc": 0.8408
    },
    "results_matrix": [
      [
        0.9949511948838775,
        0.0,
        0.0
      ],
      [
        0.9470338983050848,
        0.7628614916286149,
        0.0
      ],
      [
        0.9091488683455531,
        0.7317654063709438,
        0.8816176470588235
      ]
    ]
  },
  "ewc_lambda_100": {
    "experiment": "ewc_lambda_100",
    "per_task_f1": {
      "T1_LLMail": 0.9680054458815521,
      "T2_HackAPrompt": 0.7261189044756179,
      "T3_BIPIA": 0.8844184345281638
    },
    "avg_f1": 0.8595142616284446,
    "cl_metrics": {
      "BWT": -0.0265,
      "AvgAcc": 0.8595
    },
    "results_matrix": [
      [
        0.993943472409152,
        0.0,
        0.0
      ],
      [
        0.9312320916905444,
        0.753222257151839,
        0.0
      ],
      [
        0.9680054458815521,
        0.7261189044756179,
        0.8844184345281638
      ]
    ]
  },
  "ewc_lambda_1000": {
    "experiment": "ewc_lambda_1000",
    "per_task_f1": {
      "T1_LLMail": 0.7901311680199875,
      "T2_HackAPrompt": 0.5528787260106166,
      "T3_BIPIA": 0.8838923700700332
    },
    "avg_f1": 0.7423007547002124,
    "cl_metrics": {
      "BWT": -0.2037,
      "AvgAcc": 0.7423
    },
    "results_matrix": [
      [
        0.9929411764705882,
        0.0,
        0.0
      ],
      [
        0.9299820466786356,
        0.7575,
        0.0
      ],
      [
        0.7901311680199875,
        0.5528787260106166,
        0.8838923700700332
      ]
    ]
  },
  "ewc_lambda_5000": {
    "experiment": "ewc_lambda_5000",
    "per_task_f1": {
      "T1_LLMail": 0.9295865633074936,
      "T2_HackAPrompt": 0.7174202127659575,
      "T3_BIPIA": 0.8848973607038123
    },
    "avg_f1": 0.8439680455924211,
    "cl_metrics": {
      "BWT": -0.0495,
      "AvgAcc": 0.844
    },
    "results_matrix": [
      [
        0.9939475453934096,
        0.0,
        0.0
      ],
      [
        0.9396735273243435,
        0.7520311992200195,
        0.0
      ],
      [
        0.9295865633074936,
        0.7174202127659575,
        0.8848973607038123
      ]
    ]
  },
  "replay_ratio_5pct": {
    "experiment": "replay_ratio_5pct",
    "per_task_f1": {
      "T1_LLMail": 0.8470137336314276,
      "T2_HackAPrompt": 0.7082458770614692,
      "T3_BIPIA": 0.8792912513842747
    },
    "avg_f1": 0.8115169540257239,
    "cl_metrics": {
      "BWT": -0.0706,
      "AvgAcc": 0.8115
    },
    "results_matrix": [
      [
        0.9932705248990579,
        0.0,
        0.0
      ],
      [
        0.8594044477949491,
        0.7031719532554257,
        0.0
      ],
      [
        0.8470137336314276,
        0.7082458770614692,
        0.8792912513842747
      ]
    ]
  },
  "replay_ratio_10pct": {
    "experiment": "replay_ratio_10pct",
    "per_task_f1": {
      "T1_LLMail": 0.9460916442048517,
      "T2_HackAPrompt": 0.6982872200263505,
      "T3_BIPIA": 0.8801180376244928
    },
    "avg_f1": 0.8414989672852317,
    "cl_metrics": {
      "BWT": -0.0395,
      "AvgAcc": 0.8415
    },
    "results_matrix": [
      [
        0.9919137466307277,
        0.0,
        0.0
      ],
      [
        0.884572282405678,
        0.7315175097276264,
        0.0
      ],
      [
        0.9460916442048517,
        0.6982872200263505,
        0.8801180376244928
      ]
    ]
  },
  "replay_ratio_20pct": {
    "experiment": "replay_ratio_20pct",
    "per_task_f1": {
      "T1_LLMail": 0.9657511020684978,
      "T2_HackAPrompt": 0.6896067415730337,
      "T3_BIPIA": 0.8806190125276345
    },
    "avg_f1": 0.8453256187230553,
    "cl_metrics": {
      "BWT": -0.031,
      "AvgAcc": 0.8453
    },
    "results_matrix": [
      [
        0.9925876010781671,
        0.0,
        0.0
      ],
      [
        0.959916347159289,
        0.7248453272549658,
        0.0
      ],
      [
        0.9657511020684978,
        0.6896067415730337,
        0.8806190125276345
      ]
    ]
  },
  "few_shot": {
    "few_shot_5": {
      "from_scratch": 0.5172,
      "cl_pretrained": 0.5787
    },
    "few_shot_10": {
      "from_scratch": 0.5842,
      "cl_pretrained": 0.6614
    }
  }
}