{
  "ewc_lambda_100": {
    "experiment": "ewc_lambda_100",
    "per_task_f1": {
      "T1_LLMail": 0.9680054458815521,
      "T2_HackAPrompt": 0.7261189044756179,
      "T3_BIPIA": 0.8844184345281638
    },
    "avg_f1": 0.8595142616284446,
    "cl_metrics": {
      "BWT": -0.0265,
      "AvgAcc": 0.8595
    },
    "results_matrix": [
      [
        0.993943472409152,
        0.0,
        0.0
      ],
      [
        0.9312320916905444,
        0.753222257151839,
        0.0
      ],
      [
        0.9680054458815521,
        0.7261189044756179,
        0.8844184345281638
      ]
    ]
  },
  "ewc_lambda_1000": {
    "experiment": "ewc_lambda_1000",
    "per_task_f1": {
      "T1_LLMail": 0.7901311680199875,
      "T2_HackAPrompt": 0.5528787260106166,
      "T3_BIPIA": 0.8838923700700332
    },
    "avg_f1": 0.7423007547002124,
    "cl_metrics": {
      "BWT": -0.2037,
      "AvgAcc": 0.7423
    },
    "results_matrix": [
      [
        0.9929411764705882,
        0.0,
        0.0
      ],
      [
        0.9299820466786356,
        0.7575,
        0.0
      ],
      [
        0.7901311680199875,
        0.5528787260106166,
        0.8838923700700332
      ]
    ]
  },
  "ewc_lambda_5000": {
    "experiment": "ewc_lambda_5000",
    "per_task_f1": {
      "T1_LLMail": 0.9295865633074936,
      "T2_HackAPrompt": 0.7174202127659575,
      "T3_BIPIA": 0.8848973607038123
    },
    "avg_f1": 0.8439680455924211,
    "cl_metrics": {
      "BWT": -0.0495,
      "AvgAcc": 0.844
    },
    "results_matrix": [
      [
        0.9939475453934096,
        0.0,
        0.0
      ],
      [
        0.9396735273243435,
        0.7520311992200195,
        0.0
      ],
      [
        0.9295865633074936,
        0.7174202127659575,
        0.8848973607038123
      ]
    ]
  }
}