{
  "replay_only": {
    "experiment": "replay_only",
    "per_task_f1": {
      "T1_LLMail": 0.9635135135135136,
      "T2_HackAPrompt": 0.7365456821026283,
      "T3_BIPIA": 0.8797653958944281
    },
    "avg_f1": 0.8599415305035234,
    "cl_metrics": {
      "BWT": -0.0238,
      "AvgAcc": 0.8599
    },
    "results_matrix": [
      [
        0.9929269114179858,
        0.0,
        0.0
      ],
      [
        0.9194484760522497,
        0.7546456692913386,
        0.0
      ],
      [
        0.9635135135135136,
        0.7365456821026283,
        0.8797653958944281
      ]
    ]
  }
}