{
  "ewc_only": {
    "experiment": "ewc_only",
    "per_task_f1": {
      "T1_LLMail": 0.359389038634322,
      "T2_HackAPrompt": 0.702147525676937,
      "T3_BIPIA": 0.884728340675477
    },
    "avg_f1": 0.648754968328912,
    "cl_metrics": {
      "BWT": -0.3468,
      "AvgAcc": 0.6488
    },
    "results_matrix": [
      [0.994285714285714, 0, 0],
      [0.409515717926933, 0.760796324655437, 0],
      [0.359389038634322, 0.702147525676937, 0.884728340675477]
    ]
  }
}