{
  "replay_ratio_10pct": {
    "experiment": "replay_ratio_10pct",
    "per_task_f1": {
      "T1_LLMail": 0.9460916442048517,
      "T2_HackAPrompt": 0.6982872200263505,
      "T3_BIPIA": 0.8801180376244928
    },
    "avg_f1": 0.8414989672852317,
    "cl_metrics": {
      "BWT": -0.0395,
      "AvgAcc": 0.8415
    },
    "results_matrix": [
      [
        0.9919137466307277,
        0.0,
        0.0
      ],
      [
        0.884572282405678,
        0.7315175097276264,
        0.0
      ],
      [
        0.9460916442048517,
        0.6982872200263505,
        0.8801180376244928
      ]
    ]
  }
}