{
  "replay_ratio_20pct": {
    "experiment": "replay_ratio_20pct",
    "per_task_f1": {
      "T1_LLMail": 0.9657511020684978,
      "T2_HackAPrompt": 0.6896067415730337,
      "T3_BIPIA": 0.8806190125276345
    },
    "avg_f1": 0.8453256187230553,
    "cl_metrics": {
      "BWT": -0.031,
      "AvgAcc": 0.8453
    },
    "results_matrix": [
      [
        0.9925876010781671,
        0.0,
        0.0
      ],
      [
        0.959916347159289,
        0.7248453272549658,
        0.0
      ],
      [
        0.9657511020684978,
        0.6896067415730337,
        0.8806190125276345
      ]
    ]
  }
}