{
  "static_joint": {
    "experiment": "static_joint",
    "per_task_f1": {
      "T1_LLMail": 0.9898785425101214,
      "T2_HackAPrompt": 0.7938306578533207,
      "T3_BIPIA": 0.8828696925329429
    },
    "avg_f1": 0.8888596309654617,
    "cl_metrics": {
      "BWT": 0.8919,
      "AvgAcc": 0.8889
    },
    "results_matrix": [
      [
        0.0,
        0.0,
        0.0
      ],
      [
        0.0,
        0.0,
        0.0
      ],
      [
        0.9898785425101214,
        0.7938306578533207,
        0.8828696925329429
      ]
    ]
  },
  "naive_sequential": {
    "experiment": "naive_sequential",
    "per_task_f1": {
      "T1_LLMail": 0.29984051036682613,
      "T2_HackAPrompt": 0.5436820397450318,
      "T3_BIPIA": 0.8853783982365907
    },
    "avg_f1": 0.5763003161161495,
    "cl_metrics": {
      "BWT": -0.4438,
      "AvgAcc": 0.5763
    },
    "results_matrix": [
      [
        0.9932659932659933,
        0.0,
        0.0
      ],
      [
        0.22753792298716452,
        0.7378578321003538,
        0.0
      ],
      [
        0.29984051036682613,
        0.5436820397450318,
        0.8853783982365907
      ]
    ]
  }
}